{
  "vanilla": {
    "accuracy-recall": 0.8743354250386683,
    "FPR-accuracy": 0.8234759046303423,
    "SPD-accuracy": -0.11717290839111619,
    "EOD-accuracy": -0.07029253824552308,
    "PED-accuracy": -0.06284587579891619,
    "AOD-accuracy": -0.007640817871980975,
    "CFVR-accuracy": -0.031842642518928994,
    "GIFVR-accuracy": -0.06855178564593108,
    "FPR-recall": 0.538344525173121,
    "SPD-recall": -0.09217735667903787,
    "EOD-recall": -0.043857076933680315,
    "PED-recall": -0.06698227948498896,
    "AOD-recall": -0.021985186563862988,
    "CFVR-recall": -0.02525610774819432,
    "GIFVR-recall": -0.026140351142641176,
    "FPR-SPD": -0.02447204022146357,
    "EOD-FPR": -0.03661302310235415,
    "FPR-PED": 0.008451119473284308,
    "AOD-FPR": 0.07954167754275893,
    "CFVR-FPR": 0.0020015221590464222,
    "FPR-GIFVR": -0.05444878275691838,
    "EOD-SPD": 0.5822758954163318,
    "PED-SPD": 0.7481896077771943,
    "AOD-SPD": 0.7357541730711773,
    "CFVR-SPD": 0.564729021736254,
    "GIFVR-SPD": 0.38201111938082366,
    "EOD-PED": 0.41407921065076964,
    "AOD-EOD": 0.681191396231127,
    "CFVR-EOD": 0.4055827108389502,
    "EOD-GIFVR": 0.31447628010437956,
    "AOD-PED": 0.6317893691473893,
    "CFVR-PED": 0.540947069917895,
    "GIFVR-PED": 0.2759167054786156,
    "AOD-CFVR": 0.4911150112597529,
    "AOD-GIFVR": 0.30493434676635245,
    "CFVR-GIFVR": 0.41536437175766505
  },
  "reweighing": {
    "accuracy-recall": 0.8803369587460793,
    "FPR-accuracy": 0.825622199383486,
    "SPD-accuracy": -0.12252174932995043,
    "EOD-accuracy": -0.08050243790938215,
    "PED-accuracy": -0.057061626420584925,
    "AOD-accuracy": 5.244816203439666e-05,
    "CFVR-accuracy": -0.022350119358146545,
    "GIFVR-accuracy": -0.07661419449070266,
    "FPR-recall": 0.5437516843370462,
    "SPD-recall": -0.11196054732165102,
    "EOD-recall": -0.071475032990016,
    "PED-recall": -0.07067067692971923,
    "AOD-recall": -0.02470218832003655,
    "CFVR-recall": -0.027812889456976905,
    "GIFVR-recall": -0.04915220027785808,
    "FPR-SPD": -0.03336398482391843,
    "EOD-FPR": -0.03856286531750321,
    "FPR-PED": 0.010329163352606384,
    "AOD-FPR": 0.08065465297790468,
    "CFVR-FPR": 0.007882364639152501,
    "FPR-GIFVR": -0.048615598691159105,
    "EOD-SPD": 0.5441160355344381,
    "PED-SPD": 0.5534893894530941,
    "AOD-SPD": 0.6362009152906131,
    "CFVR-SPD": 0.35261702832890235,
    "GIFVR-SPD": 0.32348140855163027,
    "EOD-PED": 0.21671129539476514,
    "AOD-EOD": 0.5615024393507483,
    "CFVR-EOD": 0.2077458912463984,
    "EOD-GIFVR": 0.2405360247015511,
    "AOD-PED": 0.47479713368526705,
    "CFVR-PED": 0.3829676448759685,
    "GIFVR-PED": 0.23319507113817692,
    "AOD-CFVR": 0.34685012362250534,
    "AOD-GIFVR": 0.21849029256156785,
    "CFVR-GIFVR": 0.3308790142949209
  },
  "flipping": {
    "accuracy-recall": 0.8327125297007197,
    "FPR-accuracy": 0.8030431686592373,
    "SPD-accuracy": -0.13940788053674966,
    "EOD-accuracy": -0.08427655030235161,
    "PED-accuracy": -0.0678377253530602,
    "AOD-accuracy": -0.013185074160939085,
    "CFVR-accuracy": -0.023507438359988555,
    "GIFVR-accuracy": -0.08691072357215653,
    "FPR-recall": 0.46813753844951556,
    "SPD-recall": -0.12593235821589902,
    "EOD-recall": -0.05833322093382264,
    "PED-recall": -0.08274397557047247,
    "AOD-recall": -0.03974937250841091,
    "CFVR-recall": -0.022529415060334027,
    "GIFVR-recall": -0.052751829910206986,
    "FPR-SPD": -0.008517923017851958,
    "EOD-FPR": -0.0357642009428784,
    "FPR-PED": 0.030953230244244755,
    "AOD-FPR": 0.0957271009933602,
    "CFVR-FPR": 0.006930621831267334,
    "FPR-GIFVR": -0.04998391097435846,
    "EOD-SPD": 0.5544801966667222,
    "PED-SPD": 0.672654303062692,
    "AOD-SPD": 0.7272972239815163,
    "CFVR-SPD": 0.3007129654421983,
    "GIFVR-SPD": 0.277732138244189,
    "EOD-PED": 0.3358885164986802,
    "AOD-EOD": 0.6408398796081236,
    "CFVR-EOD": 0.19046495818235626,
    "EOD-GIFVR": 0.2269063948620544,
    "AOD-PED": 0.5626143745399029,
    "CFVR-PED": 0.28339725125346305,
    "GIFVR-PED": 0.15989595300470577,
    "AOD-CFVR": 0.24596095110486443,
    "AOD-GIFVR": 0.18413307792496417,
    "CFVR-GIFVR": 0.16917505047737263
  },
  "blindness": {
    "accuracy-recall": 0.9100833181794098,
    "FPR-accuracy": 0.8514476842597692,
    "SPD-accuracy": -0.12629536444230618,
    "EOD-accuracy": -0.08873234154065994,
    "PED-accuracy": -0.06404337243404404,
    "AOD-accuracy": 0.008036839020172075,
    "CFVR-accuracy": 0.0,
    "GIFVR-accuracy": -0.08644034179531096,
    "FPR-recall": 0.640043911379779,
    "SPD-recall": -0.12447815633767988,
    "EOD-recall": -0.08349407091593196,
    "PED-recall": -0.09622593332013407,
    "AOD-recall": -0.026269913913963855,
    "CFVR-recall": 0.0,
    "GIFVR-recall": -0.06133391862483151,
    "FPR-SPD": -0.007683867876827636,
    "EOD-FPR": -0.025038944382151075,
    "FPR-PED": 0.03628853909937365,
    "AOD-FPR": 0.11733690532760734,
    "CFVR-FPR": 0.0,
    "FPR-GIFVR": -0.048304127215058876,
    "EOD-SPD": 0.5745882186165558,
    "PED-SPD": 0.6450387281090706,
    "AOD-SPD": 0.7133978342285903,
    "CFVR-SPD": 0.0,
    "GIFVR-SPD": 0.3560298081956301,
    "EOD-PED": 0.34846696213054235,
    "AOD-EOD": 0.6422147361434873,
    "CFVR-EOD": 0.0,
    "EOD-GIFVR": 0.32884243949536424,
    "AOD-PED": 0.5393165793498382,
    "CFVR-PED": 0.0,
    "GIFVR-PED": 0.22863755512258227,
    "AOD-CFVR": 0.0,
    "AOD-GIFVR": 0.24962529128866395,
    "CFVR-GIFVR": 0.0
  },
  "fairsmote": {
    "accuracy-recall": 0.7219703489418324,
    "FPR-accuracy": 0.7268361678112409,
    "SPD-accuracy": -0.15003201099484437,
    "EOD-accuracy": -0.07798790457774048,
    "PED-accuracy": -0.08385280096012991,
    "AOD-accuracy": -0.04068972601592813,
    "CFVR-accuracy": 0.00032933479590766375,
    "GIFVR-accuracy": -0.08518599748197107,
    "FPR-recall": 0.25604075862875547,
    "SPD-recall": -0.11958579038128508,
    "EOD-recall": -0.07061511428612087,
    "PED-recall": -0.11259574189311618,
    "AOD-recall": -0.06444146902196636,
    "CFVR-recall": -0.007925186417248256,
    "GIFVR-recall": -0.04986803995751961,
    "FPR-SPD": -0.010378177260297836,
    "EOD-FPR": -0.0038376932829624535,
    "FPR-PED": 0.04615556389880926,
    "AOD-FPR": 0.07992818993124717,
    "CFVR-FPR": 0.01182345739000426,
    "FPR-GIFVR": -0.013870513179526379,
    "EOD-SPD": 0.44624100940431394,
    "PED-SPD": 0.5640312443418828,
    "AOD-SPD": 0.5639932802604106,
    "CFVR-SPD": 0.08321317162142924,
    "GIFVR-SPD": 0.21888311808530653,
    "EOD-PED": 0.20398082486647817,
    "AOD-EOD": 0.5755650236589539,
    "CFVR-EOD": 0.006017586573754722,
    "EOD-GIFVR": 0.2092658916868652,
    "AOD-PED": 0.4749337438094435,
    "CFVR-PED": 0.15443011759679995,
    "GIFVR-PED": 0.137999332739013,
    "AOD-CFVR": 0.05179293564378653,
    "AOD-GIFVR": 0.15556190935503114,
    "CFVR-GIFVR": 0.25949035553770955
  },
  "maat": {
    "accuracy-recall": 0.8992940353767739,
    "FPR-accuracy": 0.84359082184123,
    "SPD-accuracy": -0.11426006968563647,
    "EOD-accuracy": -0.06833416529911394,
    "PED-accuracy": -0.06312475546421968,
    "AOD-accuracy": 0.006424794790993574,
    "CFVR-accuracy": -0.02553270126436085,
    "GIFVR-accuracy": -0.07396641847219532,
    "FPR-recall": 0.6039198522622224,
    "SPD-recall": -0.07804110012453461,
    "EOD-recall": -0.03432977934895226,
    "PED-recall": -0.06592968362038591,
    "AOD-recall": 0.0031178164904292933,
    "CFVR-recall": -0.016630287871550516,
    "GIFVR-recall": -0.027161367659054626,
    "FPR-SPD": -0.041868667490411834,
    "EOD-FPR": -0.05107374629401617,
    "FPR-PED": 0.0036025078670462074,
    "AOD-FPR": 0.0734691842116624,
    "CFVR-FPR": -0.005765456524212796,
    "FPR-GIFVR": -0.06194655580366583,
    "EOD-SPD": 0.5479434140861613,
    "PED-SPD": 0.6453827146972163,
    "AOD-SPD": 0.6871496339969038,
    "CFVR-SPD": 0.4320339258267991,
    "GIFVR-SPD": 0.3483308298658885,