,sum_sq,df,F,PR(>F),mean_sq
C(dataset),4.110079843989503,5.0,77.47737082469676,8.416581034153741e-40,0.8220159687979006
C(model),1.1838339466414656,6.0,18.5966260916916,4.2474572487276017e-16,0.1973056577735776
C(method),7.657043436495533,5.0,144.33967617873117,1.810751065182392e-55,1.5314086872991066
C(dataset):C(model),0.5581234262128935,30.0,1.7534913067395659,0.01525203741876273,0.01860411420709645
C(dataset):C(method),5.446630808040054,25.0,20.534425163386913,1.3724772325898646e-36,0.21786523232160218
C(model):C(method),0.6551614782966321,30.0,2.0583618295670236,0.0025043357056491913,0.02183871594322107
Residual,1.591463339646279,150.0,,,0.01060975559764186
