,sum_sq,df,F,PR(>F),mean_sq
C(dataset),0.7398694483588064,5.0,68.07951890218963,7.609674433686713e-37,0.14797388967176128
C(model),0.5987855183579465,6.0,45.91466565017322,1.365284947589799e-31,0.09979758639299108
C(method),0.0682736405291114,5.0,6.282238861509028,2.5388038651520286e-05,0.013654728105822281
C(dataset):C(model),2.646202743519613,30.0,40.58198152302115,1.5828692680957826e-57,0.08820675811732044
C(dataset):C(method),0.21712521783929012,25.0,3.995780716401047,5.330022601068165e-08,0.008685008713571606
C(model):C(method),0.031148214618741937,30.0,0.4776868564695121,0.9901092031482904,0.0010382738206247313
Residual,0.32603173184366174,150.0,,,0.002173544878957745
