,sum_sq,df,F,PR(>F),mean_sq
C(dataset),0.05914621246844603,5.0,15.859955705120502,1.587450026929572e-12,0.011829242493689206
C(model),0.06088949572598086,6.0,13.606178440650718,2.677057852602102e-12,0.010148249287663476
C(method),0.04003655591475906,5.0,10.735733986895847,7.77410192419936e-09,0.008007311182951813
C(dataset):C(model),0.1212627388630017,30.0,5.419399334811796,1.1808270022375603e-12,0.00404209129543339
C(dataset):C(method),0.034725280009916704,25.0,1.862304887566557,0.012192519075208857,0.0013890112003966681
C(model):C(method),0.04946856146343066,30.0,2.210818356922409,0.0009712469795912709,0.0016489520487810222
Residual,0.11187839405380605,150.0,,,0.000745855960358707
