{
  "accuracy-AOD": {
    "Decision Tree": {
      "R2_mean": -8.535813426802289,
      "R2_std": 15.519907007823063,
      "R2_CI_lower": -24.822956968683258,
      "R2_CI_upper": 7.75133011507868,
      "MAE_mean": 0.12498237780273282,
      "MAE_std": 0.07516581304118733,
      "MAE_CI_lower": 0.046100694695552474,
      "MAE_CI_upper": 0.20386406090991316
    },
    "Random Forest": {
      "R2_mean": -9.706833093580856,
      "R2_std": 18.292502711612894,
      "R2_CI_lower": -28.90363738204136,
      "R2_CI_upper": 9.489971194879649,
      "MAE_mean": 0.12932327515274036,
      "MAE_std": 0.07531414239059951,
      "MAE_CI_lower": 0.05028592993984429,
      "MAE_CI_upper": 0.20836062036563643
    },
    "Gradient Boosting": {
      "R2_mean": -13.610628998777578,
      "R2_std": 26.405538411788807,
      "R2_CI_lower": -41.32154209875116,
      "R2_CI_upper": 14.100284101196003,
      "MAE_mean": 0.142168620372009,
      "MAE_std": 0.07479810869508298,
      "MAE_CI_lower": 0.06367281931057521,
      "MAE_CI_upper": 0.22066442143344278
    }
  },
  "accuracy-CFVR": {
    "Decision Tree": {
      "R2_mean": -0.026980381871541875,
      "R2_std": 0.3758006858223279,
      "R2_CI_lower": -0.42135901507084633,
      "R2_CI_upper": 0.36739825132776255,
      "MAE_mean": 0.026244186943721038,
      "MAE_std": 0.010335837681856854,
      "MAE_CI_lower": 0.015397390512200564,
      "MAE_CI_upper": 0.03709098337524151
    },
    "Random Forest": {
      "R2_mean": -0.0945125584389755,
      "R2_std": 0.39867027572132924,
      "R2_CI_lower": -0.5128913543480971,
      "R2_CI_upper": 0.3238662374701461,
      "MAE_mean": 0.027222557408254563,
      "MAE_std": 0.010530245330910135,
      "MAE_CI_lower": 0.016171742661149187,
      "MAE_CI_upper": 0.03827337215535994
    },
    "Gradient Boosting": {
      "R2_mean": -0.20505851168614944,
      "R2_std": 0.5601603439457356,
      "R2_CI_lower": -0.792910740679197,
      "R2_CI_upper": 0.38279371730689815,
      "MAE_mean": 0.028206144983035683,
      "MAE_std": 0.009978980478526333,
      "MAE_CI_lower": 0.017733847219043863,
      "MAE_CI_upper": 0.0386784427470275
    }
  },
  "AOD-CFVR": {
    "Decision Tree": {
      "R2_mean": -1.8395735385114877,
      "R2_std": 4.128814312549912,
      "R2_CI_lower": -6.172498428614003,
      "R2_CI_upper": 2.493351351591028,
      "MAE_mean": 0.2146805779498863,
      "MAE_std": 0.07281180615815785,
      "MAE_CI_lower": 0.13826927356231755,
      "MAE_CI_upper": 0.29109188233745503
    },
    "Random Forest": {
      "R2_mean": -1.5909506415245656,
      "R2_std": 3.9476807102218294,
      "R2_CI_lower": -5.733787473761244,
      "R2_CI_upper": 2.5518861907121133,
      "MAE_mean": 0.19716846738212027,
      "MAE_std": 0.06313155374836675,
      "MAE_CI_lower": 0.13091596487657528,
      "MAE_CI_upper": 0.2634209698876653
    },
    "Gradient Boosting": {
      "R2_mean": -2.1790758760276296,
      "R2_std": 5.406269339526496,
      "R2_CI_lower": -7.852607599803658,
      "R2_CI_upper": 3.4944558477483985,
      "MAE_mean": 0.20513436653781694,
      "MAE_std": 0.07743913606237425,
      "MAE_CI_lower": 0.12386697723120703,
      "MAE_CI_upper": 0.28640175584442684
    }
  }
}