{
  "accuracy": {
    "total_comparisons": 420,
    "valid_comparisons": 419,
    "constant_x": 1,
    "constant_y": 0,
    "constant_both": 0,
    "insufficient_data": 0,
    "examples": [
      {
        "dataset": "census",
        "classifier": "lr",
        "seed": 0,
        "x": [
          0.8035142004641397,
          0.8020775776328876,
          0.8034036910155818,
          0.8029616532213504,
          0.7629572328434081,
          0.7972151618963421
        ],
        "y": [
          0.7507054687628034,
          0.7299260601089921,
          0.741870015702463,
          0.7364955139176889,
          0.6933939421722676,
          0.7554038955284854
        ],
        "n_unique_x": 6,
        "n_unique_y": 6
      },
      {
        "dataset": "census",
        "classifier": "lr",
        "seed": 1,
        "x": [
          0.8098132390319372,
          0.809260691789148,
          0.8139020886285777,
          0.8115813902088629,
          0.7679301580285114,
          0.8024091059785612
        ],
        "y": [
          0.7220328693989474,
          0.7050453254500212,
          0.7192688717446424,
          0.7159669370960839,
          0.6750457311561259,
          0.7272035277589268
        ],
        "n_unique_x": 6,
        "n_unique_y": 6
      },
      {
        "dataset": "census",
        "classifier": "lr",
        "seed": 2,
        "x": [
          0.807050502817991,
          0.8083766162006851,
          0.8082661067521273,
          0.8049508232953918,
          0.7687037241684164,
          0.7972151618963421
        ],
        "y": [
          0.71917194064058,
          0.7026755607882063,
          0.7125067099382393,
          0.7074741699694491,
          0.6731571461608715,
          0.7210559450787598
        ],
        "n_unique_x": 6,
        "n_unique_y": 6
      }
    ]
  },
  "recall": {
    "total_comparisons": 420,
    "valid_comparisons": 420,
    "constant_x": 0,
    "constant_y": 0,
    "constant_both": 0,
    "insufficient_data": 0,
    "examples": [
      {
        "dataset": "census",
        "classifier": "lr",
        "seed": 0,
        "x": [
          0.6736815901406209,
          0.6959042401075587,
          0.6760709289881947,
          0.6769344269507639,
          0.696397454926131,
          0.6286069770842418
        ],
        "y": [
          0.4717186845929111,
          0.504465757967636,
          0.46049099254147396,
          0.4435502941718169,
          0.5419495426192699,
          0.39700785146445605
        ],
        "n_unique_x": 6,
        "n_unique_y": 6
      },
      {
        "dataset": "census",
        "classifier": "lr",
        "seed": 1,
        "x": [
          0.6813422840970057,
          0.700315421438809,
          0.689310887093639,
          0.6804880932942491,
          0.7001761448606003,
          0.6366902908771411
        ],
        "y": [
          0.46473523885847134,
          0.5020617202941049,
          0.46296466615332665,
          0.4475853301561812,
          0.554157189060204,
          0.39604312023051036
        ],
        "n_unique_x": 6,
        "n_unique_y": 6
      },
      {
        "dataset": "census",
        "classifier": "lr",
        "seed": 2,
        "x": [
          0.6759804204907326,
          0.7004632068999831,
          0.6829442937768304,
          0.6718553662137026,
          0.700308019328995,
          0.6279167829017926
        ],
        "y": [
          0.4656921978609243,
          0.496584582392367,
          0.45768042147211263,
          0.4376381327595066,
          0.5417605545939719,
          0.3942985959977323
        ],
        "n_unique_x": 6,
        "n_unique_y": 6
      }
    ]
  },
  "FPR": {
    "total_comparisons": 420,
    "valid_comparisons": 420,
    "constant_x": 0,
    "constant_y": 0,
    "constant_both": 0,
    "insufficient_data": 0,
    "examples": [
      {
        "dataset": "census",
        "classifier": "lr",
        "seed": 0,
        "x": [
          0.0640153755174453,
          0.089591957421644,
          0.06667652276759314,
          0.06845062093435837,
          0.16913069189828503,
          0.03075103489059728
        ],
        "y": [
          0.16119344149933582,
          0.19887594974110606,
          0.16927345066775107,
          0.17099546932045692,
          0.2587815106004699,
          0.13141840634603158
        ],
        "n_unique_x": 6,
        "n_unique_y": 6
      },
      {
        "dataset": "census",
        "classifier": "lr",
        "seed": 1,
        "x": [
          0.05968385285862018,
          0.08007091150834687,
          0.05953612054956419,
          0.05525188358694046,
          0.16324420150686955,
          0.029250997193086128
        ],
        "y": [
          0.17790694094642312,
          0.2160166058782336,
          0.18105727052540146,
          0.17966243798284282,
          0.2779420580287935,
          0.14401186931335566
        ],
        "n_unique_x": 6,
        "n_unique_y": 6
      },
      {
        "dataset": "census",
        "classifier": "lr",
        "seed": 2,
        "x": [
          0.05707085680403202,
          0.07975096353394605,
          0.06181440853839312,
          0.05707085680403202,
          0.1603913430180848,
          0.027275422472576343
        ],
        "y": [
          0.17527133927837354,
          0.2115018504747163,
          0.18137582715943584,
          0.18015784852952652,
          0.27212529304498045,
          0.1428722976552032
        ],
        "n_unique_x": 5,
        "n_unique_y": 6
      }
    ]
  },
  "SPD": {
    "total_comparisons": 420,
    "valid_comparisons": 419,
    "constant_x": 1,
    "constant_y": 0,
    "constant_both": 0,
    "insufficient_data": 0,
    "examples": [
      {
        "dataset": "census",
        "classifier": "lr",
        "seed": 0,
        "x": [
          0.3880563355122501,
          0.39807637559241044,
          0.3339481190793844,
          0.28190419836888264,
          0.2741706253733093,
          0.23014050384892348
        ],
        "y": [
          0.4158238383835939,
          0.3949554749590293,
          0.35411044020124127,
          0.31358871315739806,
          0.29279323354907194,
          0.30265994980502614
        ],
        "n_unique_x": 6,
        "n_unique_y": 6
      },
      {
        "dataset": "census",
        "classifier": "lr",
        "seed": 1,
        "x": [
          0.3739550800811391,
          0.3790719319239463,
          0.3193881374575431,
          0.2522984129286483,
          0.22492206300976433,
          0.23126733304556596
        ],
        "y": [
          0.4356674775476647,
          0.40729307219536953,
          0.35375741259676485,
          0.28670442166704635,
          0.20551954467433686,
          0.3257498023537611
        ],
        "n_unique_x": 6,
        "n_unique_y": 6
      },
      {
        "dataset": "census",
        "classifier": "lr",
        "seed": 2,
        "x": [
          0.3719974143503555,
          0.3779998153107397,
          0.3295804475636408,
          0.25780035090959463,
          0.2543983747345092,
          0.22874011142918707
        ],
        "y": [
          0.35883081159022123,
          0.32108151345147806,
          0.28949135573563023,
          0.23399794468781646,
          0.1774492938259179,
          0.25722834602964395
        ],
        "n_unique_x": 6,
        "n_unique_y": 6
      }
    ]
  },
  "EOD": {
    "total_comparisons": 420,
    "valid_comparisons": 416,
    "constant_x": 4,
    "constant_y": 0,
    "constant_both": 0,
    "insufficient_data": 0,
    "examples": [
      {
        "dataset": "census",
        "classifier": "lr",
        "seed": 0,
        "x": [
          0.4993993552262225,
          0.49924000049032224,
          0.42083134139913453,
          0.3474852596869292,
          0.1166666666666667,
          0.311792863359443
        ],