{
  "eta_list": [
    0,
    0.001,
    0.01,
    0.1,
    1,
    10,
    100,
    1000,
    10000,
    100000,
    1000000
  ],
  "utilities": {
    "accuracy": [
      0.7753683072347994,
      0.7777633444456254,
      0.7758776403670241,
      0.7743362050627757,
      0.7670985125136416,
      0.7672631648477268,
      0.7597410051128238,
      0.7392215509342229,
      0.6630127311022842,
      0.5966052277236314,
      0.5073106482692115
    ],
    "precision": [
      0.749023963887815,
      0.7491302881736934,
      0.7486727119630076,
      0.7481106132660849,
      0.7410325555524727,
      0.7409461139888,
      0.7373393901789067,
      0.7218409551736793,
      0.6825478501555658,
      0.6166083860786138,
      0.4942843290599947
    ],
    "recall": [
      0.690214678092785,
      0.693009945754071,
      0.691235354672362,
      0.6890291912174866,
      0.6793006495999558,
      0.6811552461081221,
      0.6711333795687007,
      0.6616362671104815,
      0.594630280993606,
      0.5450735260658448,
      0.5227131251559126
    ],
    "FPR": [
      0.2106702317383559,
      0.2120647922093584,
      0.21587054991893975,
      0.2159158594218512,
      0.22607171510865937,
      0.22535563504414977,
      0.23998189522206342,
      0.265640348028088,
      0.30539841758644354,
      0.44144436933245595,
      0.3325694769368233
    ],
    "f1_score": [
      0.6989946598671114,
      0.702069191204203,
      0.7000531742437831,
      0.6982546616503096,
      0.6882890179272305,
      0.6902769595742714,
      0.6788403029753031,
      0.6616177082962866,
      0.5425501660963964,
      0.4555480798371122,
      0.3751382699373202
    ],
    "MCC": [
      0.4243938021010943,
      0.4286301608508085,
      0.42571860460818445,
      0.42287084906986827,
      0.4052711540526508,
      0.40724865671476546,
      0.39155582147674484,
      0.37232014129091756,
      0.2552064644042539,
      0.14939075842463856,
      0.07171987190405459
    ],
    "roc_auc": [
      0.7871933992117399,
      0.7881623372360611,
      0.7871068375433953,
      0.7848097383893294,
      0.7747690904339481,
      0.7745039315591995,
      0.7730617945929082,
      0.7714164586842701,
      0.7270317780045467,
      0.6609298858551266,
      0.6170106194182646
    ]
  },
  "fairness": {
    "SPD": [
      0.4225028006627117,
      0.4235375143274638,
      0.4230852043167172,
      0.3715557433782607,
      0.2634651911133814,
      0.2721897663653034,
      0.26260787250081896,
      0.2735433867349752,
      0.18717522499201253,
      0.12112891305738217,
      0.06310979492650315
    ],
    "EOD": [
      0.34485478705794675,
      0.3472293682687413,
      0.34274959029022584,
      0.2960634215681404,
      0.22251378987028445,
      0.23008272672772978,
      0.21893988438187403,
      0.19959703451985664,
      0.20135773126452636,
      0.1145237564142929,
      0.07117831807890725
    ],
    "PED": [
      0.3309513958332495,
      0.3336900563761319,
      0.33696127770581474,
      0.2869833371190633,
      0.184922762843666,
      0.18820147363757017,
      0.1928248653336551,
      0.22436250528170565,
      0.1248359101146821,
      0.11277834598319432,
      0.0602362730106446
    ],
    "AOD": [
      0.3595311907369799,
      0.36146500434709855,
      0.3616637280777034,
      0.3111795135529557,
      0.20747196450579694,
      0.21493754030045015,
      0.20643820017706657,
      0.22784511060006524,
      0.16440700178646037,
      0.13013195522272938,
      0.06615808825933729
    ],
    "CFVR": [
      0.24498604130765944,
      0.2497225428304344,
      0.24559835063596422,
      0.16007636273934925,
      0.007547089410437356,
      0.002457825304546915,
      0.0005031548042168968,
      0.00048818407243603884,
      0.00120130147708852,
      0.00010047809666183703,
      3.3496074652284604e-05
    ],
    "GIFVR": [
      0.4893027215201613,
      0.4871839339228061,
      0.4960426495210613,
      0.445465689508187,
      0.39492118495432926,
      0.3922598508569731,
      0.3755916548005319,
      0.39779152893299213,
      0.31826280529341144,
      0.20610135317963826,
      0.1456831892361873
    ]
  }
}