{
    "subplot_1_accuracy_vs_AOD": {
        "type": "polynomial",
        "degree": 2,
        "coefficients": [
            -5.161702550154678,
            3.1662569468221946,
            0.3045891874475091
        ],
        "formula": "y = -5.161703*x^2 + 3.166257*x + 0.304589",
        "x_range": [
            0.06615808825933729,
            0.3616637280777034
        ],
        "y_range": [
            0.5073106482692115,
            0.7777633444456254
        ]
    },
    "subplot_2_accuracy_vs_CFVR": {
        "type": "monotonic_sigmoid",
        "parameters": {
            "x_mid": 5.623030588959567e-28,
            "y_start": 0.5446663748921395,
            "y_end": 0.7777633444456253,
            "sharpness": 49.99999999972225
        },
        "formula": "y = y_start + (y_end - y_start) * (1 - 1/(1 + exp(sharpness * (x_norm - x_mid))))",
        "note": "x_norm = (x - x_min) / (x_max - x_min)",
        "x_range": [
            3.3496074652284604e-05,
            0.2497225428304344
        ],
        "y_range": [
            0.5073106482692115,
            0.7777633444456254
        ]
    },
    "subplot_3_AOD_vs_CFVR": {
        "type": "piecewise_linear",
        "breakpoint": {
            "x": 0.0005031548042168968,
            "y": 0.20643820017706657,
            "index": 3
        },
        "segment_1": {
            "slope": 298.68520073665655,
            "intercept": 0.05615330647792963,
            "formula": "y = 298.685201*x + 0.056153",
            "x_range": [
                3.3496074652284604e-05,
                0.0005031548042168968
            ]
        },
        "segment_2": {
            "slope": 0.6220495339380393,
            "intercept": 0.20612521296560476,
            "formula": "y = 0.622050*x + 0.206125",
            "x_range": [
                0.0005031548042168968,
                0.2497225428304344
            ]
        },
        "mse": 0.00040991617026182176,
        "x_range": [
            3.3496074652284604e-05,
            0.2497225428304344
        ],
        "y_range": [
            0.06615808825933729,
            0.3616637280777034
        ]
    }
}