{
  "eta_list": [
    0,
    0.001,
    0.01,
    0.1,
    1,
    10,
    100,
    1000,
    10000,
    100000,
    1000000
  ],
  "accuracy-recall": [
    0.9954938289383993,
    0.9953662522547062,
    0.995606511338121,
    0.9961393267254255,
    0.9963028625766943,
    0.9962113803156195,
    0.9489796372246594,
    0.5952859608557358,
    0.6281719848834932,
    0.5986001260945265,
    0.6958180579540605
  ],
  "FPR-accuracy": [
    0.9955742896587417,
    0.9953069683884668,
    0.9956566528091558,
    0.9963827850348504,
    0.9967067652554699,
    0.9966227430557365,
    0.98604888270186,
    0.9206992371937494,
    0.7711453354493844,
    0.6635767676297181,
    0.6281362352806433
  ],
  "SPD-accuracy": [
    -0.10659531781133176,
    -0.10431091297738913,
    -0.10452714722981712,
    -0.11041962128233955,
    -0.12556384982421706,
    -0.12762876975517087,
    -0.12058114474629959,
    -0.13883934820128782,
    -0.0888018890960796,
    -0.0450667644951087,
    -0.030238649700504338
  ],
  "EOD-accuracy": [
    -0.07573060585403284,
    -0.07595584681873563,
    -0.07257916813989809,
    -0.07959923289689579,
    -0.10050698498456942,
    -0.10321556525916807,
    -0.08763500348365273,
    -0.11776235601167322,
    -0.0922523164790357,
    -0.048860774886680794,
    -0.028980019616499392
  ],
  "PED-accuracy": [
    -0.057204261711788225,
    -0.05554125295355628,
    -0.055491853579750346,
    -0.058139100086894165,
    -0.06967746788790463,
    -0.06990270037239218,
    -0.06465118524321418,
    -0.08503327204270843,
    -0.05304598400007464,
    -0.029722516892972166,
    -0.026583980811387433
  ],
  "AOD-accuracy": [
    0.03957022416339908,
    0.024088148192204242,
    0.011767280838881395,
    0.058993970590706775,
    0.05603266571515564,
    0.054499641714472837,
    0.04181284073216161,
    0.040055719499523315,
    0.0030663324568228722,
    0.07393775947268912,
    0.0575735621672037
  ],
  "CFVR-accuracy": [
    -0.04168642385899605,
    -0.041490338438562854,
    -0.04039536134180336,
    -0.028394577205245696,
    -9.17318049687447e-05,
    -2.2327880848313026e-05,
    -1.3866930044779058e-06,
    -1.0980312335512922e-05,
    1.1114011848442238e-05,
    -1.4256858018568319e-06,
    -1.9580847308943243e-06
  ],
  "GIFVR-accuracy": [
    -0.08183168025371229,
    -0.08196922021025997,
    -0.0813957159868356,
    -0.08007378005438971,
    -0.09898610535035875,
    -0.09844455086008508,
    -0.09776687923030557,
    -0.06807139260831468,
    -0.027200499661524005,
    -0.028251946503145577,
    -0.025811080204663446
  ],
  "FPR-recall": [
    0.9829799358530088,
    0.9822637334399165,
    0.9833727570402022,
    0.9857942164132857,
    0.9866769613253492,
    0.9863812965652484,
    0.9161304354162011,
    0.4335553154024557,
    0.3119594445566498,
    0.22380718814703657,
    0.3012077739503315
  ],
  "SPD-recall": [
    -0.10388465093925606,
    -0.10216134081982003,
    -0.1017528763842936,
    -0.10747520532864674,
    -0.1228020941791168,
    -0.12550978780968772,
    -0.09292773610856818,
    0.04317923228319277,
    0.1356727817013555,
    0.2722806964642846,
    0.15216820969818495
  ],
  "EOD-recall": [
    -0.0740914516474919,
    -0.07596015300917595,
    -0.07186169758186156,
    -0.08001170994826486,
    -0.09914618353311239,
    -0.1033569433469546,
    -0.06807458889978626,
    0.11493134623744307,
    0.17499241888479758,
    0.2579036401086425,
    0.1969418586686861
  ],
  "PED-recall": [
    -0.06302637412369326,
    -0.06207080415595565,
    -0.060769892186000034,
    -0.06228282896143706,
    -0.07389078522787856,
    -0.07431677671412015,
    -0.06201271847787636,
    0.013006751931437167,
    0.0817220250021661,
    0.19929414651996585,
    0.13796765500509736
  ],
  "AOD-recall": [
    0.03259230282003317,
    0.017662414511728074,
    0.00501517378067424,
    0.04911283735981293,
    0.052247157367695536,
    0.049571491903244926,
    0.04272424200862961,
    0.11006805599668816,
    0.09464809094213804,
    0.23605271780181264,
    0.12175643070444225
  ],
  "CFVR-recall": [
    -0.043203231968944836,
    -0.043063046002395945,
    -0.041334893219647915,
    -0.028442214172266545,
    -0.0001945656131400838,
    -2.151979477167549e-05,
    6.782415868436968e-07,
    -6.250267032883268e-05,
    1.1103019922311104e-05,
    -1.8685291237543286e-06,
    -4.254023399923653e-05
  ],
  "GIFVR-recall": [
    -0.06556027414740903,
    -0.06581276696463643,
    -0.065486483450866,
    -0.06427901636485991,
    -0.08171551313786245,
    -0.08182213611736987,
    -0.03691508719415569,
    0.09491301715121654,
    0.18759567475867336,
    0.254303876280533,
    0.1428244750728767
  ],
  "FPR-SPD": [
    -0.1006181570592741,
    -0.09742793434091386,
    -0.09905376157214535,
    -0.10558690573536485,
    -0.12042485210350203,
    -0.12117828543149128,
    -0.10740957324838443,
    -0.12551567202740183,
    0.03901054212311173,
    0.14535458086649802,
    0.22167135421206743
  ],
  "EOD-FPR": [
    -0.07193297449803474,
    -0.06991289577186988,
    -0.06816951523761815,
    -0.07422578759427338,
    -0.0971295458837451,
    -0.09782260316326753,
    -0.07857480740152525,
    -0.11983538948256102,
    0.030981655528327167,
    0.1089671782970386,
    0.17062675044917786
  ],
  "FPR-PED": [
    -0.045815218937677586,
    -0.04346475412833467,
    -0.045064173372782235,
    -0.04955047475034686,
    -0.06049283142790659,
    -0.05985933585041705,
    -0.0506212544207919,
    -0.051739964247327644,
    0.1123557313419341,
    0.17925555965568404,
    0.2655738477034537
  ],
  "AOD-FPR": [
    0.051843007831175465,
    0.03580771450145023,
    0.023340689993301182,
    0.07151421465699176,
    0.06294087565157064,
    0.0632461844009884,
    0.061401933944790786,
    0.058016721492701984,
    0.127162286058938,
    0.2591841949800397,
    0.30305093780945297
  ],
  "CFVR-FPR": [
    -0.03477555831896854,
    -0.034157439092706826,
    -0.03457516267530576,
    -0.025911986625150076,
    4.218194407475967e-05,
    -2.8638420165244136e-05,
    1.6617321824999037e-05,
    -1.4721111966964917e-05,
    1.2488431254489218e-05,
    -6.367227538514079e-06,
    4.446093281444707e-06
  ],
  "FPR-GIFVR": [
    -0.09451273552285003,
    -0.0938429170956983,
    -0.09347888075443836,
    -0.09271388103185974,
    -0.11344994951577067,
    -0.11219800495866689,
    -0.1076576922682324,
    -0.03304159942484173,
    0.19500228762841296,
    0.23696911724468012,
    0.2362395877348696
  ],
  "EOD-SPD": [
    0.7387886281651994,
    0.6928498928169448,
    0.6848492489629437,
    0.6602087153979112,
    0.6841334350455948,
    0.6747231119292247,
    0.6577213904270734,
    0.6543480083197475,
    0.6641783993525145,
    0.6328471701465965,
    0.5045384809247935
  ],
  "PED-SPD": [
    0.7960400746184306,
    0.865538501840842,
    0.8273073908076872,
    0.7263176747366739,
    0.7466501524773261,
    0.6877755197376089,
    0.7135134465222048,
    0.6670026593254538,
    0.6483858721549797,
    0.6185999921359643,
    0.6228584303108387
  ],
  "AOD-SPD": [
    0.7639972814737921,
    0.8253464585527909,
    0.8076079055503256,
    0.7452785780119627,
    0.7475313393886107,
    0.7240574662943632,
    0.7216296788882465,
    0.7103512296496614,
    0.7443797569650831,
    0.6238784341137883,
    0.6437602315081389
  ],
  "CFVR-SPD": [
    0.7760625549103376,
    0.7621590770249914,
    0.7742332438605911,
    0.5697403521739514,
    0.011592379526020024,
    -0.003138149932805591,
    0.002611249879709869,
    0.0027335272814380408,
    -0.0018907898209116311,
    0.0025634573224337224,
    0.002625370452360038
  ],
  "GIFVR-SPD": [
    0.5408969425007293,
    0.5600262791002643,
    0.5640763625909252,
    0.4743326931040697,
    0.4713323091726955,
    0.4531422117353217,
    0.4602964809696783,
    0.4772335723347396,
    0.4413184122413046,
    0.4940907219986025,
    0.4094710019192194
  ],